guid,name,date
a94809e0-79e6-5263-9d04-aae99a0884d4,Eddie Sanders,2/19/2018
a94809e0-79e6-5263-9d04-aae99a0884d5,Lillian Glover,9/25/2050
a94809e0-79e6-5263-9d04-aae99a0884d6,Rosetta Crawford,12/1/1958
a94809e0-79e6-5263-9d04-aae99a0884d7,Maggie Shelton,10/10/1943
a94809e0-79e6-5263-9d04-aae99a0884d8,Melvin Jenkins,11/12/2070
a94809e0-79e6-5263-9d04-aae99a0884d9,Lena Patrick,3/12/1996
a94809e0-79e6-5263-9d04-aae99a0884d10,Christopher Klein,10/20/1903
a94809e0-79e6-5263-9d04-aae99a0884d11,Georgie Marshall,10/26/1919
a94809e0-79e6-5263-9d04-aae99a0884d12,Alberta Owen,9/18/1987
a94809e0-79e6-5263-9d04-aae99a0884d13,Dean Gomez,10/24/1949
a94809e0-79e6-5263-9d04-aae99a0884d14,Julian Garcia,9/7/2038
a94809e0-79e6-5263-9d04-aae99a0884d15,Bertha Obrien,4/9/1987
a94809e0-79e6-5263-9d04-aae99a0884d16,Agnes Salazar,3/23/1976
